session_id,gender
u10007,female
u10009,female
u10011,female
u10016,female
u10021,female
u10025,female
u10027,female
u10031,female
u10032,female
u10037,female
u10041,female
u10047,female
u10048,female
u10049,female
u10057,female
u10058,female
u10064,female
u10067,female
u10068,female
u10071,female
u10078,female
u10083,female
u10084,female
u10085,female
u10093,female
u10096,female
u10099,female
u10101,female
u10105,female
u10108,female
u10113,female
u10114,female
u10119,female
u10120,female
u10121,female
u10122,female
u10123,female
u10126,female
u10127,female
u10132,female
u10141,female
u10142,female
u10144,female
u10145,female
u10151,female
u10152,male
u10158,male
u10164,male
u10165,male
u10167,male
u10177,male
u10178,male
u10181,male
u10183,male
u10186,female
u10187,male
u10191,female
u10196,female
u10198,female
u10203,female
u10211,female
u10212,female
u10217,male
u10218,male
u10221,male
u10223,male
u10225,male
u10231,male
u10232,male
u10235,male
u10237,male
u10239,male
u10244,male
u10250,male
u10258,male
u10260,male
u10261,male
u10262,male
u10268,male
u10273,male
u10274,male
u10275,male
u10276,male
u10278,male
u10281,male
u10289,male
u10293,male
u10294,male
u10297,male
u10299,male
u10300,male
u10301,male
u10310,male
u10311,male
u10312,male
u10314,male
u10315,male
u10316,male
u10317,male
u10320,male
u10323,male
u10324,male
u10326,male
u10327,male
u10338,male
u10339,male
u10342,male
u10344,male
u10347,male
u10351,male
u10352,male
u10353,male
u10354,male
u10356,male
u10359,male
u10366,female
u10373,female
u10376,female
u10378,female
u10381,female
u10390,female
u10402,female
u10403,female
u10404,female
u10406,female
u10407,female
u10411,female
u10413,female
u10414,female
u10415,female
u10416,female
u10422,female
u10423,female
u10427,female
u10428,female
u10431,female
u10433,female
u10437,female
u10439,female
u10444,female
u10453,female
u10460,female
u10465,female
u10466,female
u10467,female
u10474,female
u10475,female
u10484,female
u10486,female
u10488,female
u10490,female
u10496,female
u10497,female
u10499,female
u10503,female
u10506,female
u10507,female
u10510,female
u10512,female
u10514,female
u10515,female
u10517,female
u10525,female
u10532,female
u10533,female
u10534,female
u10542,female
u10543,female
u10546,female
u10548,female
u10553,female
u10555,female
u10557,female
u10558,female
u10562,female
u10564,female
u10566,female
u10574,female
u10584,female
u10585,female
u10588,female
u10589,female
u10590,female
u10591,female
u10594,female
u10599,female
u10604,female
u10605,female
u10607,female
u10608,female
u10609,female
u10618,female
u10621,female
u10625,female
u10626,female
u10632,female
u10635,female
u10640,female
u10647,female
u10648,female
u10650,female
u10659,female
u10665,female
u10672,female
u10674,female
u10678,female
u10679,female
u10681,female
u10684,female
u10686,female
u10695,female
u10699,female
u10702,female
u10705,female
u10707,female
u10715,female
u10716,female
u10721,female
u10724,female
u10725,female
u10726,female
u10732,female
u10733,female
u10735,female
u10738,female
u10743,female
u10745,female
u10753,female
u10760,female
u10764,female
u10765,female
u10767,female
u10773,female
u10775,female
u10780,female
u10781,female
u10790,female
u10796,female
u10797,female
u10800,female
u10802,male
u10804,female
u10808,female
u10809,female
u10811,female
u10813,female
u10814,female
u10821,female
u10822,female
u10823,female
u10827,female
u10830,female
u10832,female
u10833,female
u10835,female
u10840,female
u10843,female
u10844,female
u10850,female
u10854,female
u10857,female
u10860,female
u10865,female
u10866,female
u10884,female
u10885,female
u10887,female
u10890,female
u10897,female
u10899,female
u10903,female
u10906,female
u10907,female
u10909,female
u10910,female
u10912,female
u10919,female
u10921,female
u10924,female
u10927,female
u10930,female
u10934,female
u10936,female
u10939,female
u10940,female
u10941,female
u10945,female
u10946,female
u10947,female
u10949,female
u10955,female
u10962,female
u10968,female
u10976,female
u10981,female
u10982,female
u10989,female
u10990,female
u10997,female
u10998,female
u11006,female
u11008,female
u11012,female
u11014,female
u11017,female
u11018,male
u11019,male
u11020,male
u11021,male
u11025,male
u11029,male
u11034,male
u11035,male
u11037,male
u11042,male
u11044,male
u11048,male
u11049,male
u11055,male
u11056,male
u11066,male
u11075,female
u11078,female
u11081,female
u11087,female
u11088,female
u11090,female
u11094,female
u11099,female
u11107,female
u11111,female
u11116,female
u11121,female
u11122,female
u11126,female
u11130,female
u11136,female
u11138,female
u11139,female
u11143,female
u11145,female
u11147,female
u11159,male
u11167,female
u11170,female
u11174,female
u11179,female
u11183,female
u11186,female
u11191,male
u11192,male
u11196,male
u11197,male
u11199,male
u11201,male
u11205,male
u11206,male
u11213,male
u11217,male
u11218,male
u11220,male
u11221,male
u11227,male
u11229,male
u11230,male
u11233,male
u11239,male
u11241,male
u11242,male
u11245,female
u11246,female
u11252,female
u11255,female
u11256,female
u11257,female
u11259,female
u11262,male
u11265,female
u11267,female
u11271,female
u11273,female
u11278,female
u11279,male
u11280,male
u11285,male
u11286,male
u11288,male
u11294,female
u11299,female
u11303,female
u11306,female
u11308,female
u11309,male
u11313,male
u11314,male
u11327,male
u11334,male
u11338,male
u11342,male
u11344,male
u11351,male
u11356,male
u11358,male
u11360,male
u11364,male
u11372,female
u11374,female
u11376,female
u11377,male
u11381,male
u11386,male
u11388,female
u11391,female
u11392,female
u11399,female
u11400,female
u11408,female
u11410,female
u11412,female
u11413,female
u11414,female
u11419,female
u11420,female
u11423,female
u11424,female
u11426,female
u11430,female
u11433,female
u11436,female
u11438,female
u11441,female
u11448,female
u11452,female
u11455,female
u11458,male
u11459,male
u11470,female
u11471,female
u11475,female
u11477,female
u11478,female
u11485,female
u11486,female
u11491,female
u11494,female
u11498,female
u11500,female
u11502,female
u11506,female
u11508,female
u11509,female
u11510,female
u11517,female
u11524,female
u11527,female
u11528,female
u11531,female
u11532,female
u11533,female
u11535,female
u11537,female
u11541,female
u11543,female
u11554,female
u11558,female
u11559,female
u11563,female
u11568,female
u11571,female
u11572,female
u11573,female
u11578,female
u11584,female
u11586,female
u11588,female
u11593,male
u11598,male
u11600,male
u11601,male
u11602,male
u11604,male
u11605,male
u11608,male
u11611,male
u11614,male
u11617,female
u11619,female
u11639,female
u11643,female
u11644,female
u11647,female
u11648,female
u11653,female
u11654,female
u11656,female
u11661,female
u11663,female
u11666,female
u11675,female
u11676,female
u11677,female
u11686,female
u11688,female
u11689,female
u11698,female
u11709,female
u11710,female
u11712,female
u11717,female
u11718,female
u11723,female
u11726,female
u11730,female
u11731,female
u11734,female
u11735,female
u11743,female
u11750,female
u11751,female
u11753,female
u11754,female
u11755,female
u11757,female
u11761,female
u11763,female
u11764,female
u11766,female
u11769,female
u11771,female
u11773,female
u11775,female
u11776,female
u11777,female
u11778,female
u11781,female
u11789,female
u11792,female
u11795,female
u11797,female
u11807,female
u11817,female
u11819,female
u11827,female
u11831,female
u11833,female
u11835,female
u11839,female
u11840,female
u11841,female
u11842,female
u11846,female
u11849,female
u11850,female
u11852,female
u11853,female
u11854,female
u11857,female
u11858,female
u11859,female
u11862,female
u11863,female
u11864,female
u11865,female
u11866,female
u11878,female
u11881,female
u11886,female
u11888,female
u11890,female
u11895,female
u11900,female
u11902,female
u11905,female
u11913,female
u11916,male
u11921,female
u11931,female
u11935,female
u11939,female
u11940,female
u11942,female
u11944,female
u11945,female
u11946,female
u11949,male
u11959,female
u11975,female
u11983,female
u11993,female
u11994,female
u11995,female
u12002,female
u12008,female
u12009,female
u12019,female
u12023,female
u12024,female
u12025,female
u12034,female
u12037,female
u12042,female
u12048,female
u12052,female
u12054,female
u12061,female
u12063,female
u12064,female
u12066,female
u12067,female
u12074,female
u12078,female
u12084,female
u12085,female
u12089,female
u12091,female
u12095,female
u12098,female
u12102,female
u12111,female
u12112,female
u12119,female
u12121,female
u12122,female
u12134,female
u12138,female
u12140,female
u12141,female
u12144,female
u12145,female
u12146,female
u12167,female
u12174,female
u12180,female
u12183,female
u12185,female
u12187,female
u12191,female
u12195,female
u12196,female
u12198,female
u12201,female
u12203,female
u12204,female
u12206,female
u12207,female
u12212,female
u12215,female
u12220,female
u12223,female
u12224,female
u12229,female
u12241,female
u12245,female
u12246,female
u12248,male
u12250,male
u12257,male
u12261,male
u12262,male
u12266,male
u12267,female
u12268,female
u12271,female
u12285,female
u12287,female
u12290,female
u12298,female
u12303,female
u12304,female
u12307,female
u12320,female
u12323,female
u12335,female
u12336,female
u12338,female
u12344,female
u12345,female
u12349,female
u12351,female
u12356,female
u12358,female
u12362,female
u12364,female
u12366,female
u12368,female
u12369,female
u12370,female
u12374,female
u12375,female
u12380,female
u12381,female
u12382,female
u12383,female
u12392,female
u12394,female
u12396,female
u12398,female
u12399,female
u12402,female
u12403,female
u12409,female
u12410,female
u12423,female
u12424,female
u12426,female
u12429,female
u12433,female
u12434,female
u12435,female
u12436,female
u12441,female
u12443,female
u12445,female
u12451,female
u12457,female
u12461,female
u12462,female
u12464,female
u12467,female
u12468,female
u12471,female
u12472,female
u12478,female
u12479,female
u12483,female
u12498,male
u12502,male
u12504,male
u12506,male
u12509,female
u12510,female
u12511,female
u12513,female
u12514,female
u12517,female
u12518,female
u12523,female
u12527,female
u12530,female
u12531,female
u12532,female
u12539,female
u12541,female
u12544,female
u12550,female
u12552,female
u12555,female
u12558,female
u12562,female
u12567,female
u12577,female
u12578,female
u12583,male
u12587,female
u12590,female
u12591,female
u12598,female
u12601,female
u12602,female
u12605,female
u12606,female
u12621,female
u12622,female
u12633,male
u12634,male
u12641,male
u12647,male
u12648,male
u12651,male
u12653,female
u12656,female
u12665,female
u12671,female
u12675,female
u12680,female
u12681,female
u12683,female
u12684,female
u12687,female
u12693,female
u12694,female
u12695,female
u12696,female
u12699,female
u12701,female
u12703,female
u12706,female
u12708,female
u12709,female
u12710,female
u12711,female
u12717,female
u12721,female
u12723,female
u12724,female
u12726,female
u12727,female
u12730,female
u12732,male
u12735,male
u12744,male
u12747,male
u12748,male
u12750,male
u12753,male
u12755,male
u12758,male
u12764,male
u12765,male
u12766,male
u12768,male
u12772,male
u12773,male
u12776,male
u12784,male
u12785,male
u12789,male
u12792,male
u12796,male
u12801,male
u12809,male
u12810,male
u12812,male
u12815,male
u12816,male
u12818,male
u12819,male
u12826,male
u12832,male
u12838,male
u12844,male
u12845,male
u12858,male
u12859,male
u12860,male
u12862,male
u12863,male
u12865,male
u12867,male
u12875,female
u12876,female
u12881,female
u12882,female
u12883,female
u12886,female
u12890,female
u12891,female
u12893,female
u12895,female
u12900,female
u12903,female
u12904,female
u12905,male
u12909,male
u12910,female
u12912,female
u12914,female
u12919,female
u12929,female
u12932,male
u12934,female
u12940,male
u12943,male
u12949,male
u12950,male
u12953,male
u12955,male
u12956,male
u12957,male
u12967,male
u12970,male
u12979,male
u12984,male
u12989,male
u12999,female
u13005,female
u13009,male
u13013,male
u13020,male
u13031,female
u13032,female
u13033,female
u13035,female
u13037,female
u13040,female
u13042,female
u13043,female
u13047,female
u13048,female
u13049,female
u13062,female
u13070,female
u13073,female
u13077,female
u13079,female
u13082,female
u13088,female
u13094,male
u13097,male
u13099,female
u13101,female
u13104,female
u13118,male
u13122,male
u13123,female
u13143,female
u13144,female
u13146,female
u13147,female
u13148,female
u13149,female
u13158,female
u13161,female
u13164,female
u13165,female
u13168,female
u13174,female
u13175,female
u13177,female
u13185,female
u13186,female
u13199,female
u13200,female
u13202,female
u13207,female
u13213,female
u13220,female
u13224,female
u13226,female
u13227,female
u13228,female
u13231,female
u13232,female
u13235,female
u13236,female
u13240,female
u13253,male
u13255,male
u13267,male
u13269,male
u13275,female
u13278,female
u13280,female
u13283,male
u13286,female
u13290,female
u13292,female
u13293,female
u13299,female
u13305,male
u13306,male
u13308,male
u13309,male
u13312,male
u13313,male
u13315,female
u13317,male
u13327,female
u13330,female
u13333,female
u13339,female
u13340,female
u13342,female
u13345,female
u13346,female
u13349,female
u13363,female
u13366,female
u13368,female
u13369,female
u13371,female
u13372,female
u13382,female
u13383,female
u13384,female
u13387,female
u13390,female
u13391,female
u13392,female
u13395,female
u13397,female
u13399,female
u13401,female
u13404,female
u13406,male
u13410,female
u13414,female
u13415,female
u13416,female
u13419,female
u13426,female
u13428,female
u13430,female
u13431,female
u13434,male
u13441,female
u13445,female
u13447,female
u13466,female
u13470,female
u13471,female
u13472,female
u13477,female
u13478,female
u13484,female
u13485,female
u13487,female
u13489,female
u13490,female
u13493,female
u13495,female
u13499,female
u13503,female
u13504,female
u13510,female
u13511,female
u13516,female
u13518,female
u13520,female
u13524,female
u13527,female
u13534,female
u13535,female
u13538,female
u13541,female
u13548,male
u13550,female
u13551,female
u13558,female
u13563,female
u13565,female
u13567,female
u13568,female
u13574,male
u13577,male
u13578,male
u13580,male
u13590,male
u13591,female
u13592,male
u13593,female
u13594,female
u13595,female
u13600,female
u13609,female
u13617,female
u13628,female
u13629,female
u13630,female
u13631,female
u13632,female
u13633,female
u13634,female
u13635,female
u13636,female
u13638,female
u13639,female
u13643,female
u13645,female
u13646,male
u13650,male
u13652,male
u13654,male
u13655,female
u13656,female
u13658,female
u13659,female
u13664,male
u13667,female
u13670,female
u13671,female
u13678,female
u13683,female
u13684,female
u13685,female
u13686,female
u13687,female
u13689,female
u13700,female
u13702,female
u13706,male
u13709,male
u13710,male
u13714,male
u13715,male
u13723,female
u13725,female
u13726,female
u13728,female
u13732,female
u13736,female
u13737,female
u13738,female
u13739,female
u13743,female
u13744,female
u13748,female
u13753,female
u13755,female
u13757,female
u13766,female
u13767,female
u13769,female
u13772,female
u13780,female
u13782,female
u13784,female
u13787,female
u13797,female
u13804,female
u13807,female
u13810,female
u13811,female
u13821,female
u13822,female
u13825,female
u13826,female
u13829,female
u13831,female
u13832,male
u13834,male
u13838,male
u13839,female
u13841,female
u13842,female
u13843,female
u13845,male
u13846,male
u13848,male
u13850,male
u13853,female
u13865,female
u13867,female
u13871,female
u13874,female
u13877,female
u13879,female
u13885,female
u13888,female
u13894,female
u13895,female
u13901,female
u13902,female
u13906,female
u13909,female
u13920,male
u13922,female
u13924,male
u13926,female
u13929,female
u13931,female
u13941,male
u13942,male
u13945,male
u13950,male
u13955,female
u13957,female
u13965,female
u13968,female
u13970,female
u13973,female
u13974,female
u13975,female
u13976,female
u13977,female
u13985,male
u13986,male
u13993,female
u14000,male
u14006,female
u14007,female
u14015,female
u14020,female
u14027,female
u14029,female
u14030,female
u14031,female
u14032,female
u14033,female
u14034,female
u14039,male
u14041,male
u14049,female
u14050,female
u14051,female
u14054,female
u14055,female
u14056,female
u14057,female
u14059,female
u14061,male
u14072,female
u14078,female
u14081,male
u14082,female
u14084,female
u14088,female
u14089,female
u14090,female
u14103,female
u14106,female
u14107,female
u14109,female
u14110,female
u14116,female
u14118,female
u14123,male
u14125,male
u14133,female
u14141,female
u14142,female
u14152,female
u14155,female
u14157,female
u14162,female
u14166,male
u14168,female
u14173,female
u14175,female
u14176,female
u14178,female
u14179,female
u14180,female
u14185,female
u14187,female
u14190,female
u14191,male
u14193,male
u14195,male
u14200,male
u14201,male
u14204,female
u14206,female
u14208,female
u14211,female
u14212,female
u14220,female
u14221,female
u14222,female
u14225,male
u14226,male
u14231,female
u14233,female
u14246,female
u14249,male
u14252,male
u14256,male
u14257,male
u14261,female
u14262,female
u14263,female
u14270,female
u14272,female
u14273,female
u14275,female
u14278,male
u14279,female
u14285,female
u14288,female
u14290,female
u14294,male
u14295,male
u14300,female
u14303,male
u14305,female
u14307,male
u14309,male
u14312,male
u14315,male
u14318,male
u14319,male
u14320,male
u14330,female
u14332,female
u14335,female
u14340,female
u14342,female
u14344,female
u14345,female
u14349,female
u14350,female
u14351,female
u14353,female
u14354,female
u14356,female
u14360,female
u14363,female
u14365,female
u14366,female
u14367,female
u14371,female
u14373,female
u14379,female
u14381,female
u14383,female
u14386,male
u14387,male
u14390,male
u14391,male
u14401,male
u14403,male
u14405,male
u14408,male
u14411,male
u14416,male
u14421,male
u14423,male
u14425,male
u14428,male
u14434,female
u14437,female
u14439,male
u14442,male
u14446,female
u14447,male
u14453,female
u14459,female
u14461,female
u14464,female
u14465,female
u14466,female
u14467,female
u14468,female
u14469,female
u14473,female
u14474,female
u14475,female
u14478,female
u14480,male
u14482,male
u14484,male
u14490,female
u14494,female
u14502,female
u14503,female
u14504,female
u14505,female
u14508,female
u14509,female
u14517,female
u14518,female
u14519,female
u14522,female
u14528,female
u14529,female
u14536,female
u14539,female
u14541,female
u14545,female
u14546,female
u14547,female
u14549,female
u14551,female
u14557,female
u14563,female
u14572,female
u14574,female
u14576,female
u14577,female
u14580,female
u14581,female
u14582,female
u14587,female
u14591,female
u14597,female
u14601,female
u14603,female
u14607,female
u14610,female
u14622,female
u14623,female
u14624,female
u14625,female
u14635,male
u14638,male
u14639,male
u14641,male
u14643,male
u14648,female
u14658,female
u14661,female
u14663,female
u14664,female
u14665,female
u14669,female
u14674,female
u14677,female
u14678,female
u14682,female
u14684,female
u14686,female
u14697,female
u14705,female
u14707,female
u14710,female
u14718,female
u14719,female
u14728,female
u14729,female
u14733,female
u14734,female
u14735,female
u14737,female
u14744,male
u14747,male
u14749,female
u14759,male
u14762,female
u14764,female
u14786,female
u14789,female
u14790,female
u14792,female
u14794,female
u14799,female
u14804,female
u14805,female
u14814,female
u14816,female
u14818,female
u14821,female
u14824,female
u14825,female
u14827,female
u14837,female
u14838,female
u14849,female
u14850,female
u14853,female
u14854,female
u14861,female
u14863,male
u14873,female
u14880,male
u14883,female
u14887,female
u14890,female
u14893,female
u14895,female
u14902,female
u14904,female
u14906,female
u14909,female
u14916,female
u14924,female
u14928,female
u14931,female
u14933,female
u14935,female
u14939,female
u14940,female
u14942,female
u14949,female
u14950,female
u14955,female
u14956,female
u14958,female
u14959,female
u14963,female
u14964,female
u14974,female
u14978,female
u14980,male
u14983,female
u14986,female
u14996,male
u15007,female
u15009,female
u15013,female
u15018,female
u15020,female
u15021,female
u15025,female
u15026,female
u15027,female
u15036,male
u15038,male
u15040,male
u15044,male
u15053,male
u15055,male
u15056,female
u15057,male
u15060,female
u15064,female
u15065,female
u15067,female
u15068,female
u15070,female
u15073,female
u15076,female
u15081,female
u15082,female
u15084,female
u15087,female
u15094,female
u15096,female
u15099,female
u15100,female
u15104,female
u15106,female
u15115,female
u15116,female
u15117,female
u15123,female
u15124,female
u15126,female
u15127,female
u15128,female
u15132,female
u15133,female
u15136,female
u15138,female
u15144,female
u15146,female
u15150,female
u15153,female
u15158,female
u15163,female
u15169,female
u15171,female
u15175,female
u15179,female
u15187,female
u15201,female
u15203,female
u15205,female
u15207,female
u15209,female
u15210,male
u15212,female
u15216,female
u15225,female
u15227,female
u15228,female
u15230,female
u15231,female
u15234,female
u15235,female
u15239,female
u15242,female
u15244,female
u15245,female
u15248,female
u15249,female
u15252,female
u15257,female
u15258,female
u15262,female
u15265,female
u15267,female
u15268,female
u15270,female
u15272,female
u15273,female
u15275,female
u15281,male
u15286,male
u15287,female
u15289,female
u15290,female
u15293,male
u15296,female
u15298,female
u15300,male
u15301,male
u15305,female
u15307,male
u15308,male
u15314,male
u15315,female
u15316,female
u15318,female
u15320,female
u15322,female
u15324,female
u15326,female
u15328,female
u15333,female
u15335,female
u15342,female
u15345,female
u15352,female
u15357,male
u15361,female
u15363,female
u15369,female
u15371,female
u15377,female
u15384,female
u15386,female
u15391,female
u15392,female
u15393,female
u15398,female
u15399,female
u15400,female
u15401,female
u15409,female
u15410,female
u15414,female
u15415,female
u15416,female
u15417,male
u15421,female
u15423,female
u15426,female
u15428,female
u15429,female
u15432,female
u15433,female
u15436,female
u15438,female
u15440,female
u15449,female
u15450,female
u15453,female
u15455,female
u15466,female
u15469,female
u15477,female
u15483,female
u15484,female
u15487,female
u15488,female
u15493,female
u15498,female
u15504,female
u15507,female
u15518,male
u15521,male
u15524,female
u15526,female
u15536,female
u15539,male
u15544,female
u15549,female
u15550,female
u15552,female
u15556,female
u15563,female
u15565,female
u15567,female
u15568,female
u15570,female
u15579,female
u15580,female
u15581,female
u15583,female
u15587,male
u15588,male
u15590,male
u15592,female
u15600,female
u15602,female
u15605,female
u15606,female
u15608,female
u15610,female
u15611,female
u15615,female
u15624,female
u15628,female
u15631,female
u15632,female
u15636,female
u15637,male
u15640,male
u15644,female
u15645,female
u15648,female
u15651,female
u15653,female
u15654,female
u15656,female
u15663,female
u15664,male
u15667,male
u15669,male
u15673,male
u15677,male
u15682,female
u15683,female
u15684,female
u15687,male
u15689,female
u15690,female
u15692,male
u15694,female
u15696,female
u15697,female
u15698,female
u15699,female
u15702,female
u15703,male
u15707,female
u15713,female
u15718,female
u15722,female
u15725,female
u15727,female
u15729,female
u15730,female
u15734,female
u15736,female
u15745,female
u15748,female
u15752,female
u15754,female
u15755,female
u15756,male
u15759,female
u15761,female
u15762,female
u15769,female
u15772,female
u15783,female
u15793,male
u15794,female
u15800,male
u15801,male
u15805,male
u15810,female
u15818,female
u15828,female
u15829,female
u15835,female
u15836,female
u15837,female
u15838,female
u15844,female
u15846,female
u15847,female
u15851,female
u15853,female
u15854,female
u15855,female
u15856,female
u15858,female
u15859,female
u15860,female
u15867,male
u15870,female
u15873,female
u15876,female
u15877,female
u15882,male
u15884,female
u15886,male
u15890,male
u15893,male
u15900,female
u15901,female
u15904,female
u15905,female
u15908,female
u15909,female
u15916,female
u15918,female
u15920,male
u15922,female
u15926,female
u15928,female
u15929,female
u15930,female
u15932,female
u15933,female
u15935,female
u15936,female
u15937,male
u15938,male
u15942,male
u15945,male
u15949,male
u15953,male
u15954,female
u15956,female
u15961,male
u15965,male
u15967,female
u15971,female
u15972,female
u15974,female
u15975,male
u15986,female
u15994,female
u16002,female
u16004,female
u16007,female
u16013,female
u16022,female
u16024,female
u16026,female
u16030,female
u16031,male
u16032,male
u16034,female
u16035,female
u16037,female
u16038,female
u16048,female
u16050,female
u16051,female
u16052,male
u16056,female
u16059,female
u16060,female
u16064,female
u16071,female
u16074,female
u16075,male
u16079,female
u16085,female
u16088,male
u16090,male
u16093,male
u16098,male
u16104,male
u16106,male
u16118,male
u16119,male
u16121,male
u16122,male
u16128,female
u16129,female
u16130,male
u16131,male
u16134,male
u16139,male
u16144,female
u16147,female
u16148,female
u16153,male
u16155,male
u16163,female
u16166,female
u16168,female
u16173,female
u16177,female
u16179,female
u16180,female
u16183,female
u16185,female
u16188,female
u16189,female
u16190,female
u16193,female
u16194,female
u16204,male
u16210,male
u16212,female
u16215,female
u16219,female
u16225,male
u16239,female
u16243,female
u16247,female
u16249,female
u16255,female
u16257,male
u16258,female
u16269,female
u16270,female
u16272,female
u16274,female
u16278,female
u16279,female
u16284,female
u16286,female
u16292,female
u16295,female
u16298,female
u16299,female
u16301,female
u16303,female
u16309,female
u16313,male
u16315,male
u16320,female
u16322,female
u16325,female
u16330,female
u16334,female
u16337,female
u16341,female
u16343,female
u16349,female
u16350,female
u16354,female
u16360,female
u16368,male
u16370,female
u16373,female
u16375,female
u16380,male
u16381,male
u16385,male
u16388,female
u16398,female
u16399,female
u16410,male
u16412,male
u16413,male
u16415,male
u16416,male
u16420,female
u16421,female
u16422,female
u16423,female
u16430,female
u16432,female
u16435,female
u16438,female
u16439,female
u16443,female
u16444,female
u16447,female
u16452,female
u16453,female
u16457,female
u16465,female
u16467,female
u16468,female
u16473,female
u16475,female
u16479,female
u16480,female
u16481,female
u16486,female
u16487,female
u16489,female
u16490,female
u16491,female
u16492,female
u16493,female
u16494,female
u16498,female
u16499,female
u16502,male
u16503,female
u16507,female
u16510,male
u16513,male
u16516,female
u16521,female
u16529,female
u16530,female
u16532,female
u16535,female
u16538,female
u16550,female
u16551,female
u16560,female
u16563,male
u16569,male
u16573,male
u16576,female
u16578,female
u16584,female
u16587,female
u16594,male
u16595,male
u16605,male
u16610,female
u16612,female
u16615,female
u16620,female
u16622,female
u16624,female
u16626,female
u16627,female
u16628,female
u16631,female
u16633,female
u16634,female
u16635,female
u16640,female
u16642,female
u16643,female
u16645,female
u16647,female
u16653,female
u16656,female
u16659,female
u16660,female
u16661,female
u16667,female
u16668,female
u16670,female
u16673,female
u16679,female
u16681,female
u16684,female
u16686,female
u16690,female
u16691,female
u16696,female
u16697,female
u16707,male
u16709,female
u16711,female
u16716,female
u16729,male
u16735,female
u16741,female
u16744,female
u16748,male
u16759,female
u16763,female
u16766,female
u16767,female
u16768,female
u16770,female
u16771,female
u16773,female
u16774,female
u16777,female
u16782,female
u16783,female
u16785,female
u16786,female
u16788,female
u16789,female
u16796,female
u16797,male
u16799,female
u16800,male
u16801,female
u16803,female
u16807,female
u16809,female
u16813,female
u16818,female
u16824,female
u16826,female
u16837,female
u16840,female
u16846,female
u16849,female
u16852,female
u16853,female
u16854,female
u16857,female
u16858,female
u16859,female
u16864,female
u16865,female
u16869,female
u16871,female
u16873,male
u16875,female
u16877,female
u16879,female
u16884,female
u16885,female
u16891,female
u16893,female
u16902,male
u16903,male
u16909,female
u16910,female
u16913,female
u16914,female
u16923,female
u16929,female
u16941,female
u16944,female
u16945,male
u16947,female
u16950,female
u16953,male
u16954,female
u16957,female
u16959,female
u16961,female
u16962,female
u16967,female
u16970,female
u16975,female
u16984,female
u16986,female
u16989,female
u16994,female
u17000,male
u17004,male
u17010,male
u17011,male
u17013,female
u17017,female
u17019,male
u17023,male
u17026,female
u17027,male
u17029,male
u17031,female
u17038,female
u17039,female
u17041,female
u17051,male
u17053,male
u17056,male
u17058,male
u17060,male
u17062,male
u17072,female
u17077,female
u17079,female
u17085,female
u17093,female
u17094,female
u17095,female
u17096,female
u17106,female
u17118,male
u17119,female
u17121,female
u17125,male
u17129,male
u17131,female
u17135,female
u17137,female
u17139,female
u17142,female
u17152,female
u17157,female
u17159,female
u17163,female
u17166,male
u17167,male
u17172,female
u17173,female
u17177,female
u17179,female
u17180,female
u17181,female
u17183,female
u17185,female
u17187,female
u17188,female
u17198,male
u17203,male
u17204,male
u17205,male
u17209,male
u17215,female
u17220,female
u17224,male
u17226,female
u17227,female
u17230,female
u17231,female
u17238,female
u17239,female
u17244,male
u17246,female
u17253,female
u17254,female
u17259,female
u17260,female
u17263,female
u17265,male
u17276,female
u17287,female
u17288,female
u17290,female
u17291,male
u17292,male
u17297,male
u17298,male
u17302,male
u17304,male
u17305,male
u17306,male
u17308,male
u17313,female
u17314,female
u17316,male
u17317,female
u17318,female
u17324,female
u17325,female
u17327,female
u17329,female
u17330,female
u17337,male
u17341,female
u17342,female
u17348,female
u17349,male
u17356,female
u17362,female
u17365,female
u17366,female
u17375,female
u17380,female
u17383,female
u17390,female
u17391,female
u17394,female
u17399,female
u17400,female
u17406,female
u17409,female
u17411,female
u17416,female
u17419,female
u17432,male
u17435,female
u17437,female
u17441,female
u17445,female
u17448,female
u17452,female
u17456,female
u17457,male
u17466,female
u17473,female
u17480,male
u17482,male
u17486,female
u17491,female
u17492,female
u17494,female
u17495,male
u17496,female
u17500,female
u17506,female
u17507,female
u17510,female
u17516,male
u17518,female
u17519,female
u17523,female
u17525,male
u17526,female
u17539,female
u17558,female
u17560,female
u17563,female
u17572,female
u17573,female
u17575,female
u17576,female
u17578,female
u17579,female
u17580,female
u17583,female
u17586,female
u17587,male
u17590,female
u17591,female
u17594,female
u17597,female
u17602,female
u17608,female
u17611,female
u17612,female
u17616,female
u17617,female
u17618,male
u17619,female
u17626,female
u17633,female
u17635,female
u17640,female
u17646,female
u17647,female
u17649,female
u17650,female
u17653,male
u17654,male
u17657,female
u17661,female
u17666,female
u17668,male
u17669,female
u17676,female
u17677,female
u17678,female
u17679,female
u17682,female
u17686,female
u17690,female
u17693,female
u17697,female
u17698,female
u17699,female
u17706,female
u17707,female
u17709,female
u17710,female
u17711,male
u17712,male
u17713,male
u17716,male
u17719,female
u17723,female
u17724,male
u17731,female
u17736,female
u17737,female
u17738,female
u17742,female
u17745,female
u17746,female
u17748,female
u17749,female
u17750,female
u17752,female
u17757,female
u17763,female
u17769,female
u17772,female
u17773,female
u17778,female
u17781,female
u17785,female
u17787,female
u17793,female
u17799,male
u17809,female
u17810,female
u17811,female
u17820,female
u17822,female
u17823,female
u17826,female
u17829,male
u17830,male
u17837,female
u17839,male
u17841,female
u17842,female
u17846,female
u17847,male
u17852,female
u17853,female
u17865,female
u17866,female
u17870,female
u17871,female
u17874,female
u17878,female
u17882,female
u17887,female
u17890,female
u17892,female
u17895,female
u17901,female
u17903,female
u17904,female
u17918,male
u17923,male
u17929,female
u17930,female
u17932,female
u17938,female
u17939,female
u17941,female
u17946,female
u17947,female
u17948,female
u17949,female
u17952,female
u17954,female
u17957,female
u17959,male
u17964,female
u17966,female
u17971,female
u17972,female
u17980,male
u17983,male
u17984,male
u17992,female
u17993,female
u17996,female
u17997,female
u17998,female
u18001,female
u18004,female
u18006,female
u18008,female
u18012,female
u18013,female
u18028,male
u18030,male
u18031,male
u18034,male
u18045,male
u18047,male
u18049,female
u18052,female
u18060,female
u18062,female
u18063,female
u18069,female
u18072,female
u18073,female
u18076,female
u18078,female
u18086,female
u18089,female
u18094,female
u18101,female
u18110,female
u18118,female
u18121,female
u18122,female
u18123,female
u18128,female
u18129,female
u18131,female
u18132,female
u18133,female
u18135,female
u18136,female
u18146,female
u18148,female
u18152,female
u18154,female
u18156,female
u18157,female
u18164,female
u18167,female
u18170,female
u18174,female
u18175,female
u18179,female
u18180,female
u18182,female
u18185,female
u18190,female
u18191,female
u18196,female
u18207,female
u18210,female
u18213,female
u18219,female
u18222,female
u18227,female
u18239,female
u18248,female
u18252,female
u18255,female
u18258,female
u18260,female
u18267,female
u18275,female
u18276,female
u18279,female
u18282,female
u18288,female
u18291,female
u18294,female
u18295,female
u18297,female
u18299,female
u18302,female
u18304,female
u18306,female
u18307,female
u18310,female
u18311,female
u18313,female
u18314,female
u18315,female
u18316,male
u18318,male
u18319,male
u18321,female
u18323,female
u18324,female
u18325,female
u18326,female
u18332,female
u18333,female
u18334,female
u18338,male
u18343,female
u18345,female
u18351,female
u18354,female
u18366,male
u18375,male
u18379,male
u18380,male
u18381,male
u18385,female
u18387,female
u18388,female
u18396,female
u18404,female
u18405,female
u18410,female
u18414,female
u18417,female
u18418,female
u18419,female
u18422,female
u18426,female
u18429,female
u18431,female
u18434,female
u18435,female
u18437,female
u18439,female
u18440,female
u18443,female
u18445,female
u18449,female
u18459,female
u18461,male
u18462,male
u18464,female
u18465,female
u18466,female
u18468,female
u18471,female
u18472,female
u18473,female
u18476,female
u18484,female
u18490,male
u18491,male
u18493,male
u18494,female
u18501,male
u18502,male
u18506,female
u18509,female
u18513,female
u18515,female
u18519,female
u18529,female
u18532,female
u18533,female
u18535,female
u18537,female
u18540,female
u18542,male
u18547,female
u18551,female
u18554,female
u18564,female
u18568,female
u18577,female
u18579,female
u18580,female
u18582,female
u18586,female
u18587,female
u18589,male
u18598,female
u18599,female
u18600,female
u18602,female
u18604,female
u18605,female
u18614,female
u18619,male
u18622,male
u18625,female
u18637,female
u18645,female
u18646,female
u18647,female
u18649,female
u18650,female
u18651,female
u18653,female
u18658,female
u18660,female
u18663,female
u18665,female
u18666,female
u18670,female
u18675,female
u18676,female
u18677,female
u18679,female
u18682,female
u18685,female
u18689,female
u18690,female
u18691,female
u18699,female
u18701,female
u18705,male
u18710,female
u18713,female
u18715,female
u18717,female
u18720,female
u18721,female
u18728,female
u18729,female
u18732,female
u18734,female
u18741,female
u18744,male
u18746,male
u18751,female
u18756,female
u18764,female
u18765,female
u18766,female
u18776,female
u18778,female
u18779,female
u18784,female
u18790,female
u18791,female
u18798,female
u18801,female
u18803,female
u18808,female
u18814,female
u18817,female
u18819,female
u18827,female
u18831,female
u18832,female
u18839,female
u18842,female
u18843,female
u18847,female
u18849,female
u18852,female
u18856,female
u18863,female
u18865,female
u18868,female
u18869,female
u18870,female
u18874,female
u18875,female
u18876,female
u18881,female
u18883,female
u18888,female
u18890,female
u18891,female
u18894,female
u18905,male
u18907,male
u18909,male
u18910,male
u18915,male
u18917,male
u18918,male
u18922,male
u18928,male
u18930,male
u18931,male
u18932,male
u18935,male
u18941,female
u18942,female
u18944,female
u18947,female
u18948,female
u18956,female
u18958,female
u18961,female
u18962,female
u18966,female
u18975,male
u18976,male
u18980,male
u18981,male
u18983,female
u18986,female
u18989,female
u18991,female
u18992,female
u19000,female
u19001,female
u19002,female
u19008,female
u19009,female
u19013,female
u19015,female
u19026,male
u19027,male
u19028,male
u19030,female
u19031,female
u19035,female
u19039,female
u19040,female
u19046,female
u19049,male
u19053,female
u19055,female
u19057,female
u19060,male
u19062,female
u19066,female
u19068,female
u19070,female
u19079,female
u19080,female
u19085,female
u19090,female
u19094,female
u19096,female
u19099,female
u19100,male
u19102,male
u19106,female
u19107,female
u19109,female
u19113,female
u19117,female
u19118,female
u19119,female
u19120,male
u19123,male
u19124,male
u19129,female
u19132,female
u19135,female
u19137,female
u19142,female
u19145,female
u19147,female
u19149,female
u19154,female
u19160,female
u19163,female
u19164,female
u19165,female
u19169,male
u19174,female
u19177,female
u19182,female
u19194,female
u19196,female
u19198,female
u19201,female
u19203,female
u19206,female
u19212,female
u19219,female
u19221,female
u19237,female
u19239,female
u19252,female
u19257,female
u19260,female
u19265,female
u19270,female
u19272,female
u19276,female
u19278,female
u19280,female
u19287,female
u19289,male
u19295,female
u19297,female
u19298,female
u19299,female
u19300,female
u19306,male
u19308,female
u19311,female
u19313,female
u19314,female
u19318,female
u19336,female
u19337,male
u19340,male
u19341,female
u19342,female
u19343,female
u19347,female
u19348,female
u19359,female
u19360,female
u19361,female
u19363,female
u19364,female
u19367,female
u19371,female
u19374,female
u19377,female
u19380,female
u19382,female
u19392,female
u19393,female
u19395,female
u19399,male
u19401,male
u19408,male
u19411,female
u19412,female
u19416,female
u19420,female
u19421,female
u19422,female
u19427,male
u19428,male
u19429,male
u19430,male
u19431,male
u19432,male
u19437,male
u19439,male
u19440,female
u19442,female
u19443,female
u19447,female
u19448,female
u19451,female
u19460,female
u19461,female
u19466,female
u19467,female
u19468,female
u19479,female
u19480,female
u19483,female
u19495,female
u19496,female
u19497,female
u19501,female
u19503,female
u19505,female
u19509,female
u19510,female
u19511,female
u19513,female
u19515,female
u19518,female
u19522,female
u19526,female
u19528,female
u19531,female
u19534,female
u19535,female
u19537,female
u19542,female
u19544,female
u19546,female
u19547,female
u19558,female
u19563,female
u19564,female
u19566,female
u19567,female
u19575,female
u19576,female
u19582,female
u19584,female
u19589,female
u19596,male
u19599,female
u19602,male
u19603,female
u19604,female
u19606,female
u19607,female
u19614,female
u19619,female
u19620,female
u19621,male
u19625,male
u19626,female
u19627,female
u19628,female
u19629,female
u19631,female
u19632,female
u19642,female
u19646,female
u19647,female
u19650,female
u19655,female
u19658,female
u19662,female
u19663,female
u19667,female
u19670,female
u19671,female
u19672,female
u19677,female
u19682,female
u19683,female
u19685,female
u19687,female
u19689,female
u19695,female
u19696,female
u19701,female
u19703,female
u19704,female
u19706,female
u19708,female
u19715,female
u19716,female
u19720,female
u19724,female
u19725,female
u19726,female
u19741,male
u19742,female
u19744,female
u19751,female
u19752,female
u19756,female
u19757,male
u19758,female
u19760,female
u19761,female
u19764,female
u19765,female
u19766,female
u19768,female
u19771,female
u19775,female
u19778,female
u19783,female
u19785,female
u19788,female
u19789,female
u19791,female
u19792,male
u19794,female
u19797,female
u19798,female
u19801,female
u19803,female
u19804,female
u19805,female
u19808,female
u19809,female
u19819,male
u19820,female
u19822,male
u19823,female
u19824,female
u19836,female
u19843,female
u19844,female
u19845,female
u19847,female
u19848,female
u19849,female
u19860,female
u19864,female
u19881,female
u19882,female
u19886,female
u19890,female
u19892,female
u19894,female
u19896,female
u19897,female
u19904,female
u19906,female
u19910,female
u19915,female
u19916,female
u19917,female
u19919,female
u19920,female
u19924,female
u19927,female
u19931,female
u19932,female
u19937,female
u19942,female
u19952,female
u19958,female
u19962,female
u19969,female
u19970,male
u19971,male
u19973,male
u19977,male
u19979,male
u19980,male
u19986,male
u19991,female
u19992,male
u19999,male
u20000,male
u20003,female
u20008,female
u20009,female
u20011,female
u20012,female
u20017,female
u20024,female
u20026,female
u20027,female
u20030,male
u20040,female
u20042,male
u20044,female
u20048,male
u20055,female
u20058,female
u20059,female
u20061,female
u20062,female
u20063,female
u20065,male
u20069,female
u20072,female
u20077,female
u20079,female
u20081,male
u20094,female
u20095,female
u20096,female
u20097,female
u20102,female
u20123,female
u20124,male
u20132,female
u20133,female
u20134,female
u20136,female
u20137,female
u20140,female
u20142,female
u20149,female
u20154,female
u20155,female
u20156,female
u20157,male
u20158,female
u20159,female
u20160,female
u20161,female
u20162,female
u20163,female
u20177,male
u20180,female
u20182,female
u20185,female
u20188,female
u20203,female
u20209,female
u20214,female
u20216,female
u20217,female
u20219,female
u20222,female
u20227,female
u20233,female
u20234,female
u20239,female
u20241,female
u20248,female
u20249,female
u20251,female
u20256,male
u20258,female
u20259,female
u20260,female
u20263,male
u20269,male
u20270,male
u20273,female
u20275,female
u20279,female
u20284,female
u20292,female
u20293,female
u20294,female
u20297,female
u20300,female
u20301,female
u20303,female
u20312,male
u20320,male
u20325,male
u20326,male
u20331,male
u20332,female
u20341,male
u20346,female
u20348,female
u20349,female
u20350,female
u20354,female
u20355,female
u20361,female
u20363,female
u20366,female
u20367,female
u20374,female
u20390,female
u20392,female
u20398,female
u20404,female
u20407,female
u20412,female
u20416,female
u20421,female
u20428,female
u20431,female
u20432,female
u20434,female
u20436,female
u20438,female
u20439,female
u20442,female
u20449,female
u20451,female
u20462,female
u20467,female
u20476,male
u20477,female
u20478,female
u20480,male
u20489,female
u20500,female
u20501,female
u20502,female
u20504,female
u20505,male
u20506,female
u20507,male
u20508,male
u20513,female
u20514,female
u20515,female
u20516,female
u20517,male
u20521,female
u20523,male
u20527,female
u20529,female
u20532,female
u20534,female
u20538,female
u20539,female
u20540,female
u20541,female
u20546,female
u20549,female
u20554,female
u20555,female
u20564,female
u20567,female
u20568,female
u20572,female
u20575,female
u20578,female
u20580,female
u20581,female
u20587,female
u20602,female
u20604,female
u20608,female
u20614,female
u20616,female
u20618,female
u20625,female
u20626,female
u20628,female
u20629,female
u20630,male
u20633,male
u20635,male
u20642,male
u20652,male
u20654,male
u20658,female
u20661,female
u20667,female
u20668,male
u20671,female
u20673,female
u20675,female
u20678,female
u20679,female
u20680,female
u20683,female
u20684,female
u20685,female
u20690,female
u20694,female
u20695,female
u20697,female
u20699,female
u20700,male
u20701,female
u20705,female
u20709,female
u20710,female
u20713,female
u20721,female
u20724,male
u20727,male
u20728,male
u20732,male
u20740,male
u20742,male
u20743,male
u20744,male
u20748,male
u20754,male
u20757,male
u20759,male
u20760,male
u20761,male
u20768,male
u20772,male
u20777,male
u20784,male
u20785,male
u20790,male
u20809,female
u20810,female
u20813,female
u20814,female
u20815,female
u20818,female
u20819,female
u20823,female
u20829,female
u20832,female
u20833,female
u20837,female
u20839,female
u20840,female
u20841,female
u20844,female
u20845,female
u20848,female
u20849,female
u20855,female
u20856,female
u20861,female
u20865,female
u20868,female
u20871,female
u20874,female
u20878,female
u20884,female
u20886,female
u20892,female
u20895,female
u20896,female
u20906,female
u20907,male
u20909,female
u20913,male
u20914,male
u20931,female
u20947,female
u20952,female
u20954,female
u20958,female
u20969,female
u20971,female
u20972,female
u20975,female
u20979,female
u20982,female
u20983,female
u20986,female
u20991,female
u20994,female
u20996,female
u21001,male
u21002,male
u21003,female
u21004,female
u21007,female
u21013,female
u21015,male
u21021,male
u21024,female
u21026,female
u21029,female
u21034,male
u21041,female
u21042,female
u21045,female
u21048,female
u21052,female
u21054,female
u21065,female
u21066,female
u21068,female
u21069,female
u21070,female
u21079,female
u21084,female
u21085,female
u21086,female
u21090,female
u21096,female
u21100,female
u21101,male
u21107,female
u21112,female
u21114,female
u21118,female
u21126,female
u21129,female
u21131,female
u21134,female
u21135,female
u21140,female
u21143,female
u21147,female
u21148,female
u21153,female
u21156,female
u21159,female
u21171,male
u21176,female
u21178,female
u21180,female
u21183,female
u21185,female
u21189,female
u21191,male
u21195,female
u21196,male
u21197,female
u21198,female
u21204,female
u21207,female
u21209,female
u21210,female
u21217,male
u21221,female
u21225,female
u21228,female
u21229,female
u21231,female
u21242,female
u21247,female
u21253,female
u21254,female
u21255,female
u21256,female
u21257,female
u21259,female
u21261,female
u21262,male
u21264,female
u21266,female
u21271,female
u21272,female
u21275,female
u21281,female
u21286,female
u21289,female
u21290,female
u21292,female
u21298,male
u21301,male
u21304,male
u21305,female
u21306,female
u21316,female
u21317,female
u21321,female
u21323,female
u21327,female
u21328,female
u21330,female
u21332,female
u21333,female
u21334,female
u21337,female
u21339,female
u21341,male
u21344,female
u21346,female
u21347,female
u21348,female
u21353,female
u21360,female
u21362,female
u21365,female
u21367,female
u21369,female
u21370,female
u21373,female
u21378,female
u21380,female
u21382,female
u21383,female
u21384,female
u21394,female
u21398,female
u21400,female
u21403,female
u21410,female
u21415,female
u21426,female
u21427,female
u21429,female
u21433,female
u21436,female
u21442,female
u21445,female
u21447,female
u21452,female
u21453,female
u21454,female
u21457,female
u21460,female
u21463,male
u21465,female
u21467,female
u21468,female
u21469,female
u21474,male
u21476,male
u21477,male
u21478,male
u21481,male
u21482,female
u21483,male
u21486,male
u21489,male
u21493,female
u21494,female
u21498,female
u21499,female
u21500,female
u21501,female
u21502,female
u21503,female
u21506,female
u21510,female
u21514,female
u21517,female
u21518,female
u21521,female
u21522,female
u21523,female
u21528,female
u21529,female
u21531,female
u21537,female
u21538,female
u21545,female
u21546,female
u21553,female
u21562,female
u21563,female
u21565,female
u21567,female
u21575,female
u21583,female
u21585,female
u21586,female
u21589,female
u21590,female
u21593,male
u21595,male
u21597,male
u21599,male
u21600,male
u21604,male
u21609,male
u21612,female
u21613,female
u21614,female
u21615,female
u21616,female
u21622,female
u21629,female
u21632,female
u21636,female
u21637,female
u21638,female
u21644,female
u21647,female
u21649,female
u21650,male
u21655,female
u21661,female
u21662,female
u21666,female
u21667,female
u21671,female
u21677,female
u21680,female
u21684,female
u21687,female
u21688,female
u21689,female
u21692,female
u21693,female
u21700,female
u21702,female
u21703,female
u21707,female
u21713,female
u21715,female
u21718,female
u21721,female
u21724,female
u21728,male
u21736,female
u21741,female
u21744,male
u21747,female
u21750,female
u21752,female
u21756,female
u21759,female
u21768,female
u21769,female
u21770,female
u21771,female
u21772,female
u21775,female
u21788,female
u21789,female
u21792,female
u21794,female
u21801,female
u21804,female
u21806,female
u21814,female
u21815,female
u21817,female
u21826,female
u21832,female
u21840,female
u21854,female
u21858,female
u21862,male
u21864,female
u21868,female
u21870,female
u21871,female
u21874,female
u21878,female
u21883,female
u21887,male
u21892,male
u21901,male
u21903,female
u21908,female
u21912,female
u21918,female
u21921,female
u21923,female
u21925,male
u21928,male
u21930,female
u21931,female
u21934,male
u21936,male
u21937,male
u21950,male
u21953,female
u21955,female
u21962,male
u21963,male
u21964,female
u21967,female
u21971,male
u21973,male
u21975,female
u21979,female
u21983,male
u21984,male
u21986,female
u21987,male
u21990,female
u21991,female
u21997,male
u21999,male
u22004,female
u22006,female
u22007,female
u22009,female
u22017,female
u22019,female
u22020,female
u22021,female
u22024,female
u22027,male
u22032,female
u22037,female
u22044,female
u22047,female
u22060,female
u22062,female
u22067,female
u22069,female
u22072,female
u22074,female
u22078,female
u22083,male
u22085,female
u22087,female
u22089,female
u22103,male
u22106,male
u22107,male
u22112,male
u22115,male
u22116,male
u22122,female
u22142,male
u22144,male
u22146,male
u22154,female
u22156,female
u22159,female
u22160,female
u22161,female
u22164,female
u22165,female
u22166,female
u22168,female
u22169,female
u22173,female
u22175,female
u22179,female
u22181,female
u22182,female
u22183,female
u22184,female
u22186,female
u22187,female
u22189,female
u22192,female
u22195,female
u22204,female
u22205,female
u22206,female
u22207,female
u22210,female
u22221,female
u22230,female
u22231,female
u22236,female
u22238,female
u22240,female
u22242,female
u22244,female
u22245,female
u22253,female
u22256,male
u22257,male
u22259,male
u22266,female
u22269,female
u22272,female
u22276,female
u22277,female
u22279,male
u22282,female
u22284,female
u22289,female
u22291,female
u22296,female
u22297,female
u22303,female
u22308,female
u22310,female
u22311,female
u22325,female
u22328,female
u22330,female
u22331,female
u22335,female
u22336,female
u22338,female
u22339,female
u22341,male
u22343,female
u22344,female
u22345,female
u22347,female
u22352,female
u22353,female
u22355,female
u22359,female
u22362,female
u22363,female
u22365,female
u22366,female
u22368,female
u22369,female
u22370,female
u22372,female
u22375,female
u22379,female
u22380,female
u22385,female
u22390,female
u22394,female
u22399,female
u22402,female
u22404,female
u22409,male
u22412,male
u22413,male
u22414,male
u22415,male
u22416,male
u22417,male
u22419,male
u22420,male
u22421,male
u22422,male
u22428,male
u22430,female
u22432,female
u22440,female
u22443,female
u22448,female
u22449,female
u22450,female
u22460,female
u22467,female
u22469,female
u22471,female
u22474,female
u22475,female
u22476,female
u22477,female
u22479,female
u22482,female
u22484,female
u22492,female
u22493,female
u22497,female
u22499,female
u22500,female
u22502,female
u22504,male
u22506,female
u22509,female
u22511,female
u22512,female
u22518,female
u22520,female
u22521,female
u22523,female
u22524,female
u22525,female
u22526,female
u22531,female
u22544,female
u22545,female
u22548,female
u22550,female
u22553,female
u22554,female
u22559,female
u22564,female
u22565,female
u22566,male
u22571,female
u22581,female
u22584,female
u22585,female
u22586,female
u22587,male
u22590,male
u22591,female
u22595,female
u22596,female
u22597,female
u22598,male
u22611,male
u22615,female
u22616,female
u22617,female
u22619,female
u22621,female
u22628,female
u22632,female
u22633,female
u22639,male
u22644,male
u22645,male
u22648,female
u22663,female
u22665,female
u22666,female
u22667,female
u22668,male
u22673,female
u22675,female
u22676,female
u22677,female
u22681,male
u22682,male
u22683,male
u22686,female
u22688,female
u22694,female
u22697,female
u22699,female
u22704,male
u22705,male
u22708,female
u22710,female
u22717,female
u22719,female
u22721,female
u22735,female
u22741,female
u22745,male
u22759,female
u22764,female
u22767,female
u22769,female
u22773,female
u22774,female
u22775,female
u22777,female
u22778,female
u22780,female
u22781,female
u22788,female
u22789,female
u22791,female
u22796,female
u22798,male
u22804,female
u22806,female
u22808,female
u22809,female
u22814,female
u22817,female
u22820,female
u22821,female
u22827,female
u22835,female
u22840,female
u22851,male
u22852,male
u22856,female
u22860,female
u22861,female
u22865,female
u22868,female
u22871,female
u22874,female
u22875,female
u22877,female
u22887,female
u22895,female
u22898,female
u22902,female
u22909,female
u22911,female
u22913,female
u22916,female
u22917,female
u22921,female
u22924,female
u22925,female
u22933,female
u22938,female
u22944,female
u22945,female
u22948,female
u22949,female
u22950,female
u22954,female
u22955,female
u22957,female
u22958,female
u22964,female
u22971,female
u22975,female
u22977,female
u22978,female
u22982,female
u22983,female
u22986,female
u22992,female
u22993,female
u22994,female
u23001,female
u23008,female
u23009,female
u23013,female
u23014,female
u23024,male
u23028,female
u23030,male
u23035,female
u23050,female
u23054,female
u23058,female
u23059,female
u23063,female
u23068,female
u23069,female
u23072,female
u23077,female
u23078,female
u23080,female
u23081,female
u23083,female
u23084,female
u23089,female
u23093,female
u23095,female
u23105,female
u23109,female
u23111,female
u23112,male
u23115,female
u23120,female
u23122,female
u23125,female
u23130,female
u23132,female
u23136,female
u23138,female
u23139,female
u23140,female
u23145,female
u23146,female
u23154,male
u23156,male
u23159,female
u23161,female
u23165,female
u23170,female
u23176,female
u23178,female
u23181,male
u23186,female
u23189,female
u23191,female
u23203,female
u23207,female
u23208,female
u23211,female
u23212,female
u23216,female
u23217,female
u23220,female
u23228,female
u23234,female
u23238,female
u23240,female
u23243,female
u23246,female
u23247,female
u23251,female
u23256,female
u23259,female
u23260,female
u23262,female
u23263,female
u23264,female
u23269,female
u23273,female
u23275,female
u23281,female
u23282,female
u23292,female
u23295,female
u23297,female
u23301,female
u23305,female
u23306,female
u23307,female
u23309,female
u23312,male
u23315,male
u23319,female
u23323,female
u23332,female
u23335,female
u23339,female
u23342,female
u23344,female
u23347,male
u23353,female
u23354,female
u23356,female
u23360,male
u23361,female
u23362,female
u23371,female
u23372,female
u23373,female
u23377,female
u23379,female
u23380,female
u23382,female
u23383,female
u23386,female
u23388,female
u23393,female
u23395,female
u23396,female
u23398,male
u23399,female
u23401,female
u23402,female
u23403,female
u23404,female
u23405,female
u23408,female
u23410,female
u23411,female
u23412,female
u23414,male
u23415,male
u23416,male
u23423,female
u23426,female
u23427,female
u23428,male
u23432,female
u23437,female
u23438,female
u23440,female
u23448,female
u23451,female
u23452,female
u23453,female
u23456,female
u23464,female
u23465,female
u23468,female
u23469,female
u23471,female
u23473,female
u23476,female
u23479,female
u23481,female
u23482,female
u23487,female
u23495,female
u23501,female
u23508,female
u23510,male
u23517,male
u23518,male
u23522,female
u23524,female
u23531,female
u23534,female
u23535,female
u23536,female
u23538,female
u23539,female
u23540,male
u23543,female
u23545,female
u23548,female
u23551,female
u23552,female
u23553,female
u23555,female
u23558,female
u23561,female
u23567,female
u23568,female
u23569,female
u23572,female
u23573,female
u23574,female
u23575,female
u23577,female
u23578,male
u23579,male
u23580,female
u23585,female
u23586,male
u23589,female
u23594,female
u23597,female
u23607,female
u23611,female
u23612,female
u23613,female
u23619,female
u23621,female
u23623,male
u23628,female
u23629,female
u23632,male
u23633,female
u23638,female
u23642,male
u23643,female
u23647,male
u23655,male
u23656,female
u23659,male
u23662,female
u23663,male
u23664,male
u23665,male
u23668,male
u23671,female
u23673,male
u23675,female
u23678,male
u23693,female
u23696,female
u23700,female
u23706,male
u23710,female
u23711,female
u23712,female
u23713,female
u23721,female
u23724,female
u23734,male
u23740,female
u23741,female
u23743,male
u23748,female
u23751,female
u23753,male
u23756,female
u23759,female
u23769,female
u23771,female
u23772,female
u23774,female
u23775,female
u23779,female
u23786,female
u23788,female
u23789,female
u23792,female
u23799,female
u23802,female
u23813,female
u23824,male
u23829,female
u23831,female
u23835,female
u23842,female
u23843,female
u23846,female
u23847,female
u23850,female
u23851,female
u23858,female
u23865,female
u23871,female
u23872,female
u23873,female
u23874,female
u23875,female
u23877,female
u23881,female
u23883,female
u23885,female
u23887,female
u23888,female
u23889,female
u23891,female
u23892,female
u23893,female
u23894,female
u23895,female
u23896,female
u23903,female
u23912,female
u23922,female
u23926,female
u23928,female
u23930,female
u23931,female
u23934,female
u23935,female
u23936,female
u23937,male
u23941,male
u23946,female
u23950,male
u23958,female
u23961,female
u23963,female
u23964,female
u23966,male
u23967,male
u23976,female
u23977,male
u23979,female
u23985,male
u23987,female
u23990,female
u23992,female
u23993,female
u23996,female
u24001,male
u24002,female
u24003,female
u24007,female
u24014,female
u24022,male
u24023,male
u24024,male
u24026,male
u24029,male
u24031,male
u24033,male
u24034,female
u24037,female
u24038,female
u24039,female
u24044,female
u24050,female
u24052,female
u24062,female
u24064,female
u24065,male
u24068,female
u24069,female
u24070,female
u24073,female
u24076,female
u24078,female
u24084,female
u24093,female
u24096,male
u24100,female
u24101,female
u24106,female
u24108,female
u24117,female
u24120,female
u24127,female
u24129,female
u24133,male
u24134,male
u24140,female
u24141,female
u24143,female
u24145,female
u24146,female
u24147,female
u24148,female
u24158,female
u24163,female
u24168,female
u24171,female
u24177,female
u24182,male
u24183,female
u24185,female
u24187,female
u24194,male
u24195,male
u24199,female
u24206,female
u24207,female
u24209,female
u24216,female
u24218,female
u24219,female
u24220,female
u24222,female
u24228,male
u24230,female
u24233,male
u24234,female
u24244,male
u24254,female
u24263,female
u24265,male
u24268,female
u24271,female
u24274,female
u24278,female
u24285,female
u24289,female
u24294,male
u24298,male
u24299,male
u24300,female
u24303,female
u24306,male
u24309,female
u24310,female
u24314,female
u24320,female
u24321,male
u24328,female
u24332,male
u24333,female
u24337,female
u24338,female
u24347,female
u24356,male
u24361,female
u24364,female
u24369,female
u24375,female
u24377,female
u24378,female
u24379,female
u24384,female
u24387,female
u24389,female
u24393,female
u24402,female
u24405,female
u24408,female
u24409,female
u24410,female
u24411,female
u24412,female
u24414,female
u24419,female
u24424,female
u24427,female
u24429,female
u24432,female
u24433,female
u24434,female
u24435,female
u24436,male
u24437,female
u24443,female
u24444,female
u24446,female
u24448,female
u24463,female
u24466,female
u24470,male
u24473,male
u24475,male
u24483,female
u24487,female
u24492,female
u24493,female
u24499,female
u24502,female
u24504,female
u24506,female
u24507,female
u24512,female
u24513,female
u24522,male
u24525,female
u24532,female
u24536,female
u24537,female
u24538,female
u24539,female
u24540,female
u24545,female
u24546,female
u24548,female
u24549,female
u24554,female
u24555,female
u24556,female
u24565,female
u24572,female
u24573,female
u24575,female
u24583,female
u24586,female
u24587,male
u24594,male
u24597,female
u24603,female
u24607,female
u24612,female
u24616,female
u24634,female
u24639,female
u24641,female
u24642,female
u24644,female
u24645,female
u24650,female
u24657,female
u24664,female
u24667,female
u24668,female
u24678,female
u24682,female
u24683,female
u24686,female
u24687,female
u24688,female
u24690,female
u24695,female
u24703,female
u24704,female
u24705,female
u24707,female
u24708,female
u24709,female
u24713,female
u24717,female
u24718,female
u24722,female
u24724,male
u24728,female
u24729,female
u24731,female
u24732,female
u24733,male
u24734,female
u24740,female
u24742,male
u24743,female
u24749,female
u24750,female
u24753,male
u24755,female
u24756,female
u24757,female
u24758,female
u24759,male
u24768,female
u24778,female
u24780,female
u24787,female
u24790,female
u24791,female
u24796,female
u24801,female
u24802,female
u24806,female
u24813,female
u24816,female
u24821,female
u24824,female
u24831,female
u24835,female
u24839,male
u24841,female
u24842,female
u24843,female
u24854,female
u24855,male
u24857,female
u24858,female
u24861,female
u24868,female
u24872,female
u24874,male
u24883,female
u24886,female
u24890,female
u24892,female
u24893,female
u24894,female
u24895,female
u24900,male
u24903,female
u24906,female
u24907,male
u24912,female
u24913,female
u24914,female
u24916,male
u24918,female
u24919,female
u24921,female
u24922,female
u24925,female
u24929,female
u24930,female
u24935,female
u24936,female
u24939,female
u24945,female
u24946,female
u24948,female
u24956,female
u24958,female
u24961,female
u24962,female
u24963,female
u24966,female
u24967,female
u24968,female
u24970,female
u24971,female
u24973,female
u24974,female
u24977,female
u24979,female
u24980,female
u24991,male
u24993,male
u24999,female
u25000,male
