image_names,emergency_or_not
1960.jpg,0
668.jpg,0
2082.jpg,0
808.jpg,0
1907.jpg,0
350.jpg,0
1557.jpg,0
111.jpg,0
1952.jpg,0
1466.jpg,0
2071.jpg,0
1891.jpg,0
1900.jpg,0
1927.jpg,0
1414.jpg,0
134.jpg,0
1037.jpg,0
56.jpg,0
208.jpg,0
629.jpg,0
979.jpg,0
2099.jpg,0
332.jpg,0
1814.jpg,0
1094.jpg,0
1886.jpg,0
342.jpg,0
2134.jpg,0
1465.jpg,0
482.jpg,0
229.jpg,0
1078.jpg,0
611.jpg,0
1349.jpg,0
1805.jpg,0
1947.jpg,0
299.jpg,0
463.jpg,0
2154.jpg,0
1244.jpg,0
581.jpg,0
218.jpg,0
1553.jpg,0
1025.jpg,0
1591.jpg,0
1132.jpg,0
2117.jpg,0
1795.jpg,0
2254.jpg,0
1950.jpg,0
507.jpg,0
445.jpg,0
1501.jpg,0
2349.jpg,0
678.jpg,0
1604.jpg,0
792.jpg,0
879.jpg,0
1779.jpg,0
2156.jpg,0
44.jpg,0
686.jpg,0
1311.jpg,0
2192.jpg,0
440.jpg,0
1047.jpg,0
254.jpg,0
479.jpg,0
282.jpg,0
2339.jpg,0
2066.jpg,0
1379.jpg,0
759.jpg,0
2262.jpg,0
672.jpg,0
2036.jpg,0
279.jpg,0
596.jpg,0
486.jpg,0
651.jpg,0
1138.jpg,0
881.jpg,0
433.jpg,0
1640.jpg,0
1293.jpg,0
2140.jpg,0
2097.jpg,0
981.jpg,0
1598.jpg,0
252.jpg,0
1665.jpg,0
2259.jpg,0
1791.jpg,0
869.jpg,0
1530.jpg,0
1475.jpg,0
100.jpg,0
2175.jpg,0
1714.jpg,0
693.jpg,0
435.jpg,0
2266.jpg,0
2227.jpg,0
1380.jpg,0
430.jpg,0
670.jpg,0
855.jpg,0
1963.jpg,0
1377.jpg,0
1315.jpg,0
1196.jpg,0
1237.jpg,0
2052.jpg,0
1333.jpg,0
1198.jpg,0
1558.jpg,0
849.jpg,0
237.jpg,0
432.jpg,0
1673.jpg,0
529.jpg,0
1847.jpg,0
1827.jpg,0
2298.jpg,0
1279.jpg,0
2174.jpg,0
809.jpg,0
1780.jpg,0
926.jpg,0
196.jpg,0
810.jpg,0
29.jpg,0
461.jpg,0
1211.jpg,0
973.jpg,0
179.jpg,0
367.jpg,0
548.jpg,0
1395.jpg,0
368.jpg,0
2126.jpg,0
422.jpg,0
1965.jpg,0
173.jpg,0
1594.jpg,0
471.jpg,0
892.jpg,0
478.jpg,0
2257.jpg,0
602.jpg,0
1767.jpg,0
1340.jpg,0
69.jpg,0
2265.jpg,0
426.jpg,0
1338.jpg,0
1828.jpg,0
485.jpg,0
96.jpg,0
247.jpg,0
2118.jpg,0
2272.jpg,0
383.jpg,0
472.jpg,0
210.jpg,0
937.jpg,0
1966.jpg,0
2098.jpg,0
1584.jpg,0
1513.jpg,0
1538.jpg,0
1292.jpg,0
1970.jpg,0
1418.jpg,0
1444.jpg,0
480.jpg,0
1288.jpg,0
2248.jpg,0
495.jpg,0
1668.jpg,0
527.jpg,0
2155.jpg,0
1885.jpg,0
1523.jpg,0
2144.jpg,0
2189.jpg,0
1968.jpg,0
1216.jpg,0
211.jpg,0
321.jpg,0
695.jpg,0
1436.jpg,0
361.jpg,0
873.jpg,0
259.jpg,0
1690.jpg,0
948.jpg,0
2343.jpg,0
2278.jpg,0
1204.jpg,0
1359.jpg,0
1967.jpg,0
1105.jpg,0
1207.jpg,0
1737.jpg,0
2073.jpg,0
1904.jpg,0
408.jpg,0
2129.jpg,0
508.jpg,0
67.jpg,0
807.jpg,0
1736.jpg,0
1406.jpg,0
48.jpg,0
544.jpg,0
509.jpg,0
1273.jpg,0
251.jpg,0
1703.jpg,0
416.jpg,0
1357.jpg,0
1645.jpg,0
1163.jpg,0
1263.jpg,0
618.jpg,0
450.jpg,0
1264.jpg,0
1320.jpg,0
859.jpg,0
291.jpg,0
1798.jpg,0
2311.jpg,0
1223.jpg,0
998.jpg,0
2181.jpg,0
817.jpg,0
296.jpg,0
1364.jpg,0
410.jpg,0
1004.jpg,0
528.jpg,0
1303.jpg,0
1382.jpg,0
637.jpg,0
767.jpg,0
1811.jpg,0
2059.jpg,0
1928.jpg,0
2168.jpg,0
188.jpg,0
786.jpg,0
240.jpg,0
1455.jpg,0
1085.jpg,0
70.jpg,0
2107.jpg,0
1985.jpg,0
73.jpg,0
1655.jpg,0
829.jpg,0
1385.jpg,0
1525.jpg,0
1979.jpg,0
1271.jpg,0
157.jpg,0
565.jpg,0
1807.jpg,0
838.jpg,0
407.jpg,0
2287.jpg,0
2230.jpg,0
927.jpg,0
51.jpg,0
1910.jpg,0
915.jpg,0
1222.jpg,0
1694.jpg,0
1861.jpg,0
1607.jpg,0
1064.jpg,0
1268.jpg,0
1511.jpg,0
630.jpg,0
1750.jpg,0
831.jpg,0
1605.jpg,0
610.jpg,0
1713.jpg,0
220.jpg,0
1151.jpg,0
2002.jpg,0
84.jpg,0
1463.jpg,0
2078.jpg,0
109.jpg,0
2335.jpg,0
420.jpg,0
290.jpg,0
694.jpg,0
861.jpg,0
867.jpg,0
617.jpg,0
1100.jpg,0
2277.jpg,0
1842.jpg,0
212.jpg,0
1776.jpg,0
1976.jpg,0
1835.jpg,0
719.jpg,0
18.jpg,0
2219.jpg,0
1398.jpg,0
1719.jpg,0
1662.jpg,0
1055.jpg,0
76.jpg,0
952.jpg,0
1902.jpg,0
2008.jpg,0
819.jpg,0
798.jpg,0
168.jpg,0
387.jpg,0
1170.jpg,0
1187.jpg,0
2208.jpg,0
219.jpg,0
990.jpg,0
1441.jpg,0
303.jpg,0
2337.jpg,0
1653.jpg,0
438.jpg,0
530.jpg,0
1639.jpg,0
1423.jpg,0
2276.jpg,0
1112.jpg,0
1817.jpg,0
231.jpg,0
1606.jpg,0
135.jpg,0
25.jpg,0
1195.jpg,0
765.jpg,0
1868.jpg,0
1454.jpg,0
903.jpg,0
192.jpg,0
289.jpg,0
414.jpg,0
1552.jpg,0
1316.jpg,0
930.jpg,0
1729.jpg,0
1987.jpg,0
128.jpg,0
1940.jpg,0
886.jpg,0
233.jpg,0
1728.jpg,0
307.jpg,0
1743.jpg,0
613.jpg,0
2021.jpg,0
874.jpg,0
2178.jpg,0
177.jpg,0
2271.jpg,0
2225.jpg,0
1789.jpg,0
184.jpg,0
1864.jpg,0
1310.jpg,0
2152.jpg,0
1521.jpg,0
298.jpg,0
402.jpg,0
1029.jpg,0
575.jpg,0
2089.jpg,0
2309.jpg,0
800.jpg,0
1611.jpg,0
178.jpg,0
1334.jpg,0
1667.jpg,0
727.jpg,0
2033.jpg,0
1897.jpg,0
522.jpg,0
118.jpg,0
464.jpg,0
1360.jpg,0
2147.jpg,0
511.jpg,0
1964.jpg,0
2233.jpg,0
2111.jpg,0
555.jpg,0
1249.jpg,0
906.jpg,0
620.jpg,0
621.jpg,0
366.jpg,0
1261.jpg,0
1278.jpg,0
1936.jpg,0
677.jpg,0
944.jpg,0
1121.jpg,0
203.jpg,0
174.jpg,0
2045.jpg,0
120.jpg,0
283.jpg,0
976.jpg,0
598.jpg,0
1732.jpg,0
2201.jpg,0
1178.jpg,0
554.jpg,0
275.jpg,0
2282.jpg,0
636.jpg,0
360.jpg,0
1391.jpg,0
1602.jpg,0
964.jpg,0
605.jpg,0
1697.jpg,0
1050.jpg,0
1393.jpg,0
787.jpg,0
1344.jpg,0
599.jpg,0
286.jpg,0
2194.jpg,0
406.jpg,0
1487.jpg,0
163.jpg,0
1609.jpg,0
423.jpg,0
2261.jpg,0
1128.jpg,0
632.jpg,0
1883.jpg,0
1430.jpg,0
1651.jpg,0
2267.jpg,0
1269.jpg,0
700.jpg,0
457.jpg,0
650.jpg,0
900.jpg,0
230.jpg,0
1962.jpg,0
1084.jpg,0
1318.jpg,0
1744.jpg,0
1725.jpg,0
1068.jpg,0
733.jpg,0
324.jpg,0
2243.jpg,0
374.jpg,0
834.jpg,0
1330.jpg,0
2010.jpg,0
564.jpg,0
297.jpg,0
932.jpg,0
239.jpg,0
99.jpg,0
1461.jpg,0
281.jpg,0
354.jpg,0
1313.jpg,0
2063.jpg,0
642.jpg,0
1284.jpg,0
1229.jpg,0
1080.jpg,0
923.jpg,0
1875.jpg,0
124.jpg,0
2317.jpg,0
185.jpg,0
2158.jpg,0
532.jpg,0
857.jpg,0
1366.jpg,0
2023.jpg,0
1577.jpg,0
2092.jpg,0
1403.jpg,0
65.jpg,0
1266.jpg,0
353.jpg,0
643.jpg,0
2226.jpg,0
1499.jpg,0
1608.jpg,0
1127.jpg,0
1232.jpg,0
1783.jpg,0
49.jpg,0
1646.jpg,0
2030.jpg,0
925.jpg,0
840.jpg,0
1381.jpg,0
2143.jpg,0
23.jpg,0
929.jpg,0
785.jpg,0
1102.jpg,0
2247.jpg,0
1993.jpg,0
1740.jpg,0
2245.jpg,0
1087.jpg,0
311.jpg,0
351.jpg,0
306.jpg,0
961.jpg,0
1034.jpg,0
2162.jpg,0
1681.jpg,0
756.jpg,0
1137.jpg,0
1583.jpg,0
1621.jpg,0
1706.jpg,0
986.jpg,0
13.jpg,0
1945.jpg,0
514.jpg,0
409.jpg,0
788.jpg,0
2040.jpg,0
1637.jpg,0
949.jpg,0
729.jpg,0
647.jpg,0
1944.jpg,0
382.jpg,0
821.jpg,0
1411.jpg,0
1287.jpg,0
1017.jpg,0
1924.jpg,0
2274.jpg,0
2007.jpg,0
582.jpg,0
1053.jpg,0
705.jpg,0
1192.jpg,0
1873.jpg,0
8.jpg,0
316.jpg,0
2037.jpg,0
427.jpg,0
105.jpg,0
1301.jpg,0
121.jpg,0
1352.jpg,0
2186.jpg,0
2275.jpg,0
1724.jpg,0
115.jpg,0
1532.jpg,0
2195.jpg,0
685.jpg,0
746.jpg,0
2293.jpg,0
2051.jpg,0
782.jpg,0
1247.jpg,0
742.jpg,0
552.jpg,0
87.jpg,0
1472.jpg,0
2270.jpg,0
1405.jpg,0
1001.jpg,0
1547.jpg,0
1918.jpg,0
543.jpg,0
1535.jpg,0
494.jpg,0
1146.jpg,0
2128.jpg,0
1747.jpg,0
1720.jpg,0
71.jpg,0
63.jpg,0
1220.jpg,0
1255.jpg,0
845.jpg,0
1199.jpg,0
1760.jpg,0
1125.jpg,0
1670.jpg,0
1537.jpg,0
931.jpg,0
1341.jpg,0
205.jpg,0
841.jpg,0
1990.jpg,0
557.jpg,0
377.jpg,0
535.jpg,0
1131.jpg,0
1456.jpg,0
198.jpg,0
561.jpg,0
1061.jpg,0
590.jpg,0
519.jpg,0
308.jpg,0
1876.jpg,0
2229.jpg,0
59.jpg,0
836.jpg,0
2318.jpg,0
207.jpg,0
1949.jpg,0
1351.jpg,0
1488.jpg,0
162.jpg,0
1270.jpg,0
1745.jpg,0
1033.jpg,0
256.jpg,0
506.jpg,0
1717.jpg,0
1946.jpg,0
649.jpg,0
1457.jpg,0
20.jpg,0
1647.jpg,0
1177.jpg,0
381.jpg,0
538.jpg,0
862.jpg,0
679.jpg,0
83.jpg,0
2159.jpg,0
1179.jpg,0
1281.jpg,0
270.jpg,0
889.jpg,0
965.jpg,0
1772.jpg,0
888.jpg,0
1110.jpg,0
1848.jpg,0
429.jpg,0
1894.jpg,0
963.jpg,0
2039.jpg,0
458.jpg,0
78.jpg,0
2091.jpg,0
32.jpg,0
916.jpg,0
1644.jpg,0
2113.jpg,0
380.jpg,0
226.jpg,0
1208.jpg,0
1321.jpg,0
305.jpg,0
209.jpg,0
1143.jpg,0
1452.jpg,0
2331.jpg,0
1491.jpg,0
715.jpg,0
707.jpg,0
1852.jpg,0
1000.jpg,0
2312.jpg,0
483.jpg,0
2206.jpg,0
277.jpg,0
2338.jpg,0
221.jpg,0
1459.jpg,0
571.jpg,0
411.jpg,0
1089.jpg,0
1103.jpg,0
585.jpg,0
1054.jpg,0
1502.jpg,0
2345.jpg,0
1362.jpg,0
674.jpg,0
1027.jpg,0
447.jpg,0
2176.jpg,0
1014.jpg,0
